[{"model": "admin.logentry", "pk": 1, "fields": {"action_time": "2024-11-15T03:59:11.786Z", "user": 1, "content_type": 17, "object_id": "1", "object_repr": "Juan Perez", "action_flag": 3, "change_message": ""}}, {"model": "admin.logentry", "pk": 2, "fields": {"action_time": "2024-11-15T04:11:11.770Z", "user": 1, "content_type": 16, "object_id": "2", "object_repr": "juanperez123", "action_flag": 3, "change_message": ""}}, {"model": "admin.logentry", "pk": 3, "fields": {"action_time": "2024-11-15T04:21:55.204Z", "user": 1, "content_type": 16, "object_id": "3", "object_repr": "juanperez123", "action_flag": 3, "change_message": ""}}, {"model": "admin.logentry", "pk": 4, "fields": {"action_time": "2024-11-15T04:51:15.012Z", "user": 1, "content_type": 16, "object_id": "4", "object_repr": "juanperez123", "action_flag": 3, "change_message": ""}}, {"model": "auth.permission", "pk": 1, "fields": {"name": "Can add log entry", "content_type": 1, "codename": "add_logentry"}}, {"model": "auth.permission", "pk": 2, "fields": {"name": "Can change log entry", "content_type": 1, "codename": "change_logentry"}}, {"model": "auth.permission", "pk": 3, "fields": {"name": "Can delete log entry", "content_type": 1, "codename": "delete_logentry"}}, {"model": "auth.permission", "pk": 4, "fields": {"name": "Can view log entry", "content_type": 1, "codename": "view_logentry"}}, {"model": "auth.permission", "pk": 5, "fields": {"name": "Can add permission", "content_type": 2, "codename": "add_permission"}}, {"model": "auth.permission", "pk": 6, "fields": {"name": "Can change permission", "content_type": 2, "codename": "change_permission"}}, {"model": "auth.permission", "pk": 7, "fields": {"name": "Can delete permission", "content_type": 2, "codename": "delete_permission"}}, {"model": "auth.permission", "pk": 8, "fields": {"name": "Can view permission", "content_type": 2, "codename": "view_permission"}}, {"model": "auth.permission", "pk": 9, "fields": {"name": "Can add group", "content_type": 3, "codename": "add_group"}}, {"model": "auth.permission", "pk": 10, "fields": {"name": "Can change group", "content_type": 3, "codename": "change_group"}}, {"model": "auth.permission", "pk": 11, "fields": {"name": "Can delete group", "content_type": 3, "codename": "delete_group"}}, {"model": "auth.permission", "pk": 12, "fields": {"name": "Can view group", "content_type": 3, "codename": "view_group"}}, {"model": "auth.permission", "pk": 13, "fields": {"name": "Can add content type", "content_type": 4, "codename": "add_contenttype"}}, {"model": "auth.permission", "pk": 14, "fields": {"name": "Can change content type", "content_type": 4, "codename": "change_contenttype"}}, {"model": "auth.permission", "pk": 15, "fields": {"name": "Can delete content type", "content_type": 4, "codename": "delete_contenttype"}}, {"model": "auth.permission", "pk": 16, "fields": {"name": "Can view content type", "content_type": 4, "codename": "view_contenttype"}}, {"model": "auth.permission", "pk": 17, "fields": {"name": "Can add session", "content_type": 5, "codename": "add_session"}}, {"model": "auth.permission", "pk": 18, "fields": {"name": "Can change session", "content_type": 5, "codename": "change_session"}}, {"model": "auth.permission", "pk": 19, "fields": {"name": "Can delete session", "content_type": 5, "codename": "delete_session"}}, {"model": "auth.permission", "pk": 20, "fields": {"name": "Can view session", "content_type": 5, "codename": "view_session"}}, {"model": "auth.permission", "pk": 21, "fields": {"name": "Can add milestone", "content_type": 6, "codename": "add_milestone"}}, {"model": "auth.permission", "pk": 22, "fields": {"name": "Can change milestone", "content_type": 6, "codename": "change_milestone"}}, {"model": "auth.permission", "pk": 23, "fields": {"name": "Can delete milestone", "content_type": 6, "codename": "delete_milestone"}}, {"model": "auth.permission", "pk": 24, "fields": {"name": "Can view milestone", "content_type": 6, "codename": "view_milestone"}}, {"model": "auth.permission", "pk": 25, "fields": {"name": "Can add project complexity", "content_type": 7, "codename": "add_projectcomplexity"}}, {"model": "auth.permission", "pk": 26, "fields": {"name": "Can change project complexity", "content_type": 7, "codename": "change_projectcomplexity"}}, {"model": "auth.permission", "pk": 27, "fields": {"name": "Can delete project complexity", "content_type": 7, "codename": "delete_projectcomplexity"}}, {"model": "auth.permission", "pk": 28, "fields": {"name": "Can view project complexity", "content_type": 7, "codename": "view_projectcomplexity"}}, {"model": "auth.permission", "pk": 29, "fields": {"name": "Can add project skill expertise", "content_type": 8, "codename": "add_projectskillexpertise"}}, {"model": "auth.permission", "pk": 30, "fields": {"name": "Can change project skill expertise", "content_type": 8, "codename": "change_projectskillexpertise"}}, {"model": "auth.permission", "pk": 31, "fields": {"name": "Can delete project skill expertise", "content_type": 8, "codename": "delete_projectskillexpertise"}}, {"model": "auth.permission", "pk": 32, "fields": {"name": "Can view project skill expertise", "content_type": 8, "codename": "view_projectskillexpertise"}}, {"model": "auth.permission", "pk": 33, "fields": {"name": "Can add deliverable", "content_type": 9, "codename": "add_deliverable"}}, {"model": "auth.permission", "pk": 34, "fields": {"name": "Can change deliverable", "content_type": 9, "codename": "change_deliverable"}}, {"model": "auth.permission", "pk": 35, "fields": {"name": "Can delete deliverable", "content_type": 9, "codename": "delete_deliverable"}}, {"model": "auth.permission", "pk": 36, "fields": {"name": "Can view deliverable", "content_type": 9, "codename": "view_deliverable"}}, {"model": "auth.permission", "pk": 37, "fields": {"name": "Can add project", "content_type": 10, "codename": "add_project"}}, {"model": "auth.permission", "pk": 38, "fields": {"name": "Can change project", "content_type": 10, "codename": "change_project"}}, {"model": "auth.permission", "pk": 39, "fields": {"name": "Can delete project", "content_type": 10, "codename": "delete_project"}}, {"model": "auth.permission", "pk": 40, "fields": {"name": "Can view project", "content_type": 10, "codename": "view_project"}}, {"model": "auth.permission", "pk": 41, "fields": {"name": "Can add project contributor", "content_type": 11, "codename": "add_projectcontributor"}}, {"model": "auth.permission", "pk": 42, "fields": {"name": "Can change project contributor", "content_type": 11, "codename": "change_projectcontributor"}}, {"model": "auth.permission", "pk": 43, "fields": {"name": "Can delete project contributor", "content_type": 11, "codename": "delete_projectcontributor"}}, {"model": "auth.permission", "pk": 44, "fields": {"name": "Can view project contributor", "content_type": 11, "codename": "view_projectcontributor"}}, {"model": "auth.permission", "pk": 45, "fields": {"name": "Can add transaction", "content_type": 12, "codename": "add_transaction"}}, {"model": "auth.permission", "pk": 46, "fields": {"name": "Can change transaction", "content_type": 12, "codename": "change_transaction"}}, {"model": "auth.permission", "pk": 47, "fields": {"name": "Can delete transaction", "content_type": 12, "codename": "delete_transaction"}}, {"model": "auth.permission", "pk": 48, "fields": {"name": "Can view transaction", "content_type": 12, "codename": "view_transaction"}}, {"model": "auth.permission", "pk": 49, "fields": {"name": "Can add city", "content_type": 13, "codename": "add_city"}}, {"model": "auth.permission", "pk": 50, "fields": {"name": "Can change city", "content_type": 13, "codename": "change_city"}}, {"model": "auth.permission", "pk": 51, "fields": {"name": "Can delete city", "content_type": 13, "codename": "delete_city"}}, {"model": "auth.permission", "pk": 52, "fields": {"name": "Can view city", "content_type": 13, "codename": "view_city"}}, {"model": "auth.permission", "pk": 53, "fields": {"name": "Can add country", "content_type": 14, "codename": "add_country"}}, {"model": "auth.permission", "pk": 54, "fields": {"name": "Can change country", "content_type": 14, "codename": "change_country"}}, {"model": "auth.permission", "pk": 55, "fields": {"name": "Can delete country", "content_type": 14, "codename": "delete_country"}}, {"model": "auth.permission", "pk": 56, "fields": {"name": "Can view country", "content_type": 14, "codename": "view_country"}}, {"model": "auth.permission", "pk": 57, "fields": {"name": "Can add freelancer skill expertise", "content_type": 15, "codename": "add_freelancerskillexpertise"}}, {"model": "auth.permission", "pk": 58, "fields": {"name": "Can change freelancer skill expertise", "content_type": 15, "codename": "change_freelancerskillexpertise"}}, {"model": "auth.permission", "pk": 59, "fields": {"name": "Can delete freelancer skill expertise", "content_type": 15, "codename": "delete_freelancerskillexpertise"}}, {"model": "auth.permission", "pk": 60, "fields": {"name": "Can view freelancer skill expertise", "content_type": 15, "codename": "view_freelancerskillexpertise"}}, {"model": "auth.permission", "pk": 61, "fields": {"name": "Can add user", "content_type": 16, "codename": "add_userk"}}, {"model": "auth.permission", "pk": 62, "fields": {"name": "Can change user", "content_type": 16, "codename": "change_userk"}}, {"model": "auth.permission", "pk": 63, "fields": {"name": "Can delete user", "content_type": 16, "codename": "delete_userk"}}, {"model": "auth.permission", "pk": 64, "fields": {"name": "Can view user", "content_type": 16, "codename": "view_userk"}}, {"model": "auth.permission", "pk": 65, "fields": {"name": "Can add client", "content_type": 17, "codename": "add_client"}}, {"model": "auth.permission", "pk": 66, "fields": {"name": "Can change client", "content_type": 17, "codename": "change_client"}}, {"model": "auth.permission", "pk": 67, "fields": {"name": "Can delete client", "content_type": 17, "codename": "delete_client"}}, {"model": "auth.permission", "pk": 68, "fields": {"name": "Can view client", "content_type": 17, "codename": "view_client"}}, {"model": "auth.permission", "pk": 69, "fields": {"name": "Can add freelancer", "content_type": 18, "codename": "add_freelancer"}}, {"model": "auth.permission", "pk": 70, "fields": {"name": "Can change freelancer", "content_type": 18, "codename": "change_freelancer"}}, {"model": "auth.permission", "pk": 71, "fields": {"name": "Can delete freelancer", "content_type": 18, "codename": "delete_freelancer"}}, {"model": "auth.permission", "pk": 72, "fields": {"name": "Can view freelancer", "content_type": 18, "codename": "view_freelancer"}}, {"model": "auth.permission", "pk": 73, "fields": {"name": "Can add experience", "content_type": 19, "codename": "add_experience"}}, {"model": "auth.permission", "pk": 74, "fields": {"name": "Can change experience", "content_type": 19, "codename": "change_experience"}}, {"model": "auth.permission", "pk": 75, "fields": {"name": "Can delete experience", "content_type": 19, "codename": "delete_experience"}}, {"model": "auth.permission", "pk": 76, "fields": {"name": "Can view experience", "content_type": 19, "codename": "view_experience"}}, {"model": "auth.permission", "pk": 77, "fields": {"name": "Can add portfolio", "content_type": 20, "codename": "add_portfolio"}}, {"model": "auth.permission", "pk": 78, "fields": {"name": "Can change portfolio", "content_type": 20, "codename": "change_portfolio"}}, {"model": "auth.permission", "pk": 79, "fields": {"name": "Can delete portfolio", "content_type": 20, "codename": "delete_portfolio"}}, {"model": "auth.permission", "pk": 80, "fields": {"name": "Can view portfolio", "content_type": 20, "codename": "view_portfolio"}}, {"model": "auth.permission", "pk": 81, "fields": {"name": "Can add rating", "content_type": 21, "codename": "add_rating"}}, {"model": "auth.permission", "pk": 82, "fields": {"name": "Can change rating", "content_type": 21, "codename": "change_rating"}}, {"model": "auth.permission", "pk": 83, "fields": {"name": "Can delete rating", "content_type": 21, "codename": "delete_rating"}}, {"model": "auth.permission", "pk": 84, "fields": {"name": "Can view rating", "content_type": 21, "codename": "view_rating"}}, {"model": "auth.permission", "pk": 85, "fields": {"name": "Can add chat", "content_type": 22, "codename": "add_chat"}}, {"model": "auth.permission", "pk": 86, "fields": {"name": "Can change chat", "content_type": 22, "codename": "change_chat"}}, {"model": "auth.permission", "pk": 87, "fields": {"name": "Can delete chat", "content_type": 22, "codename": "delete_chat"}}, {"model": "auth.permission", "pk": 88, "fields": {"name": "Can view chat", "content_type": 22, "codename": "view_chat"}}, {"model": "auth.permission", "pk": 89, "fields": {"name": "Can add message", "content_type": 23, "codename": "add_message"}}, {"model": "auth.permission", "pk": 90, "fields": {"name": "Can change message", "content_type": 23, "codename": "change_message"}}, {"model": "auth.permission", "pk": 91, "fields": {"name": "Can delete message", "content_type": 23, "codename": "delete_message"}}, {"model": "auth.permission", "pk": 92, "fields": {"name": "Can view message", "content_type": 23, "codename": "view_message"}}, {"model": "auth.permission", "pk": 93, "fields": {"name": "Can add notification", "content_type": 24, "codename": "add_notification"}}, {"model": "auth.permission", "pk": 94, "fields": {"name": "Can change notification", "content_type": 24, "codename": "change_notification"}}, {"model": "auth.permission", "pk": 95, "fields": {"name": "Can delete notification", "content_type": 24, "codename": "delete_notification"}}, {"model": "auth.permission", "pk": 96, "fields": {"name": "Can view notification", "content_type": 24, "codename": "view_notification"}}, {"model": "contenttypes.contenttype", "pk": 1, "fields": {"app_label": "admin", "model": "logentry"}}, {"model": "contenttypes.contenttype", "pk": 2, "fields": {"app_label": "auth", "model": "permission"}}, {"model": "contenttypes.contenttype", "pk": 3, "fields": {"app_label": "auth", "model": "group"}}, {"model": "contenttypes.contenttype", "pk": 4, "fields": {"app_label": "contenttypes", "model": "contenttype"}}, {"model": "contenttypes.contenttype", "pk": 5, "fields": {"app_label": "sessions", "model": "session"}}, {"model": "contenttypes.contenttype", "pk": 6, "fields": {"app_label": "projects", "model": "milestone"}}, {"model": "contenttypes.contenttype", "pk": 7, "fields": {"app_label": "projects", "model": "projectcomplexity"}}, {"model": "contenttypes.contenttype", "pk": 8, "fields": {"app_label": "projects", "model": "projectskillexpertise"}}, {"model": "contenttypes.contenttype", "pk": 9, "fields": {"app_label": "projects", "model": "deliverable"}}, {"model": "contenttypes.contenttype", "pk": 10, "fields": {"app_label": "projects", "model": "project"}}, {"model": "contenttypes.contenttype", "pk": 11, "fields": {"app_label": "projects", "model": "projectcontributor"}}, {"model": "contenttypes.contenttype", "pk": 12, "fields": {"app_label": "projects", "model": "transaction"}}, {"model": "contenttypes.contenttype", "pk": 13, "fields": {"app_label": "accounts", "model": "city"}}, {"model": "contenttypes.contenttype", "pk": 14, "fields": {"app_label": "accounts", "model": "country"}}, {"model": "contenttypes.contenttype", "pk": 15, "fields": {"app_label": "accounts", "model": "freelancerskillexpertise"}}, {"model": "contenttypes.contenttype", "pk": 16, "fields": {"app_label": "accounts", "model": "userk"}}, {"model": "contenttypes.contenttype", "pk": 17, "fields": {"app_label": "accounts", "model": "client"}}, {"model": "contenttypes.contenttype", "pk": 18, "fields": {"app_label": "accounts", "model": "freelancer"}}, {"model": "contenttypes.contenttype", "pk": 19, "fields": {"app_label": "accounts", "model": "experience"}}, {"model": "contenttypes.contenttype", "pk": 20, "fields": {"app_label": "accounts", "model": "portfolio"}}, {"model": "contenttypes.contenttype", "pk": 21, "fields": {"app_label": "accounts", "model": "rating"}}, {"model": "contenttypes.contenttype", "pk": 22, "fields": {"app_label": "communications", "model": "chat"}}, {"model": "contenttypes.contenttype", "pk": 23, "fields": {"app_label": "communications", "model": "message"}}, {"model": "contenttypes.contenttype", "pk": 24, "fields": {"app_label": "notifications", "model": "notification"}}, {"model": "sessions.session", "pk": "eikeniezrw0ed83woi99uqsk04bo4w7i", "fields": {"session_data": ".eJxVjEEOwiAQRe_C2hCmQAWX7nsGMsyAVA0kpV0Z765NutDtf-_9lwi4rSVsPS1hZnERVpx-t4j0SHUHfMd6a5JaXZc5yl2RB-1yapye18P9OyjYy7dW1g5-ZJ-s9RyjAfIKE4wENiIQZ52NznDOigEzOK1c5IEdeYOoXBbvD-klOFk:1tBxBD:KbKK8K-sc0ed9U2dumHyTT07xxI1XUVcruEaIS8Bs2w", "expire_date": "2024-11-29T14:20:11.807Z"}}, {"model": "sessions.session", "pk": "jz1482tj4st7lagj70nz88pjzcvi9vip", "fields": {"session_data": ".eJxVjEEOwiAQRe_C2hAKHWZ06d4zkIEBqZo2Ke3KeHfbpAvdvvf-f6vA61LD2vIcBlEX1avTL4ucnnnchTx4vE86TeMyD1HviT5s07dJ8ut6tH8HlVvd1gkKRBACwGi6sxQnRI5Mh-CZwXiLkRI56xER0JfeouWNGqYE4tTnC8OQNpw:1tBnqu:l4r8rbcVVyE8p0FjjaI3zmIBO8fxMUXFUR9sok2odVc", "expire_date": "2024-11-29T04:22:36.502Z"}}, {"model": "sessions.session", "pk": "plrnf92mc9th4ayeo6wy4rk2ttddr5l0", "fields": {"session_data": ".eJxVjE0OwiAYBe_C2pBSChSX7j0D-f6QqqFJaVfGu2uTLnT7Zua9VIJtLWlrsqSJ1VkZdfrdEOghdQd8h3qbNc11XSbUu6IP2vR1ZnleDvfvoEAr35ps9tAjOLbkQ4fo-hAZjEWGIVJ0FrORzCGIeMw4mkDSRRuiN4MfQb0_Cp84mw:1tBloG:v7Jqd6v7Opkwn6z3DJOlMa2YAEL387tgeO7-p5M6XMY", "expire_date": "2024-11-29T02:11:44.207Z"}}, {"model": "sessions.session", "pk": "z8pzfxy52yx8xb023g1okbeh3yzotz9s", "fields": {"session_data": ".eJxVjE0OwiAYBe_C2pBSChSX7j0D-f6QqqFJaVfGu2uTLnT7Zua9VIJtLWlrsqSJ1VkZdfrdEOghdQd8h3qbNc11XSbUu6IP2vR1ZnleDvfvoEAr35ps9tAjOLbkQ4fo-hAZjEWGIVJ0FrORzCGIeMw4mkDSRRuiN4MfQb0_Cp84mw:1tBxUV:wrVvWtzf75BJcTB1fRzqhbO4Tuvg3iZbW3wgP8p2zSQ", "expire_date": "2024-11-29T14:40:07.486Z"}}, {"model": "projects.projectskillexpertise", "pk": 1, "fields": {"name": "Django"}}, {"model": "projects.projectskillexpertise", "pk": 2, "fields": {"name": "Python"}}, {"model": "projects.projectskillexpertise", "pk": 3, "fields": {"name": "Java"}}, {"model": "projects.projectskillexpertise", "pk": 4, "fields": {"name": "C++"}}, {"model": "projects.projectskillexpertise", "pk": 5, "fields": {"name": "JavaScript"}}, {"model": "projects.projectskillexpertise", "pk": 6, "fields": {"name": "HTML"}}, {"model": "projects.projectskillexpertise", "pk": 7, "fields": {"name": "CSS"}}, {"model": "projects.projectskillexpertise", "pk": 8, "fields": {"name": "React"}}, {"model": "projects.projectskillexpertise", "pk": 9, "fields": {"name": "Node.js"}}, {"model": "projects.projectskillexpertise", "pk": 10, "fields": {"name": "Express.js"}}, {"model": "projects.projectskillexpertise", "pk": 11, "fields": {"name": "SQL"}}, {"model": "projects.projectskillexpertise", "pk": 12, "fields": {"name": "PostgreSQL"}}, {"model": "projects.projectskillexpertise", "pk": 13, "fields": {"name": "MySQL"}}, {"model": "projects.projectskillexpertise", "pk": 14, "fields": {"name": "MongoDB"}}, {"model": "projects.projectskillexpertise", "pk": 15, "fields": {"name": "AWS"}}, {"model": "projects.projectskillexpertise", "pk": 16, "fields": {"name": "Azure"}}, {"model": "projects.projectskillexpertise", "pk": 17, "fields": {"name": "Google Cloud"}}, {"model": "projects.projectskillexpertise", "pk": 18, "fields": {"name": "Data Science"}}, {"model": "projects.projectskillexpertise", "pk": 19, "fields": {"name": "Machine Learning"}}, {"model": "projects.projectskillexpertise", "pk": 20, "fields": {"name": "NLP"}}, {"model": "projects.projectskillexpertise", "pk": 21, "fields": {"name": "Data Visualization"}}, {"model": "projects.projectskillexpertise", "pk": 22, "fields": {"name": "Cybersecurity"}}, {"model": "projects.projectskillexpertise", "pk": 23, "fields": {"name": "Encryption"}}, {"model": "projects.projectskillexpertise", "pk": 24, "fields": {"name": "Docker"}}, {"model": "projects.projectskillexpertise", "pk": 25, "fields": {"name": "Kubernetes"}}, {"model": "projects.projectskillexpertise", "pk": 26, "fields": {"name": "Microservices"}}, {"model": "projects.projectskillexpertise", "pk": 27, "fields": {"name": "DevOps"}}, {"model": "projects.projectskillexpertise", "pk": 28, "fields": {"name": "Software Testing"}}, {"model": "projects.projectskillexpertise", "pk": 29, "fields": {"name": "Automation Testing"}}, {"model": "projects.projectskillexpertise", "pk": 30, "fields": {"name": "Network Security"}}, {"model": "projects.projectskillexpertise", "pk": 31, "fields": {"name": "Frontend Development"}}, {"model": "projects.projectskillexpertise", "pk": 32, "fields": {"name": "Backend Development"}}, {"model": "projects.projectskillexpertise", "pk": 33, "fields": {"name": "API Development"}}, {"model": "projects.projectcomplexity", "pk": 1, "fields": {"levelName": "Basic", "description": "Suitable for beginners or entry-level projects."}}, {"model": "projects.projectcomplexity", "pk": 2, "fields": {"levelName": "Intermediate", "description": "Requires moderate experience and skills."}}, {"model": "projects.projectcomplexity", "pk": 3, "fields": {"levelName": "Advanced", "description": "Challenging projects for experienced professionals."}}, {"model": "accounts.userk", "pk": 1, "fields": {"password": "pbkdf2_sha256$870000$XW7gMy8MT4lObdHoO9SctL$kFV89oMbc4xTT3fno5KpHx3hBShlzsZLuQj52PavgFs=", "last_login": "2024-11-15T14:40:07.465Z", "is_superuser": true, "username": "admin", "first_name": "", "last_name": "", "email": "admin@gmail.com", "is_staff": true, "is_active": true, "date_joined": "2024-11-15T02:11:31.530Z", "is_admin": false, "is_freelancer": false, "is_client": false, "groups": [], "user_permissions": []}}, {"model": "accounts.userk", "pk": 5, "fields": {"password": "pbkdf2_sha256$870000$5HEidoUKvcmlHLr0QeQDUV$1VpyWNbr43z5ipDrMUkdo61YJv6pY2zyE63fZdOCDUs=", "last_login": "2024-11-15T14:20:11.797Z", "is_superuser": false, "username": "juanperez123", "first_name": "Juan", "last_name": "Perez", "email": "juanperez@example.com", "is_staff": false, "is_active": true, "date_joined": "2024-11-15T14:19:49.732Z", "is_admin": false, "is_freelancer": false, "is_client": true, "groups": [], "user_permissions": []}}, {"model": "accounts.userk", "pk": 6, "fields": {"password": "pbkdf2_sha256$870000$UgXb1AT7WyShA4wEgU9bJ2$HZdBc59XYG5EZ9j6Uw4D6NfabVc8mBlsocPNao5CXVI=", "last_login": null, "is_superuser": false, "username": "mariaLopez1", "first_name": "Maria", "last_name": "Lopez", "email": "mariaLopez@example.com", "is_staff": false, "is_active": true, "date_joined": "2024-11-15T14:20:28.649Z", "is_admin": false, "is_freelancer": false, "is_client": true, "groups": [], "user_permissions": []}}, {"model": "accounts.country", "pk": 1, "fields": {"name": "Argentina", "code": "AR"}}, {"model": "accounts.country", "pk": 2, "fields": {"name": "Brazil", "code": "BR"}}, {"model": "accounts.country", "pk": 3, "fields": {"name": "Chile", "code": "CL"}}, {"model": "accounts.country", "pk": 4, "fields": {"name": "Colombia", "code": "CO"}}, {"model": "accounts.country", "pk": 5, "fields": {"name": "Peru", "code": "PE"}}, {"model": "accounts.country", "pk": 6, "fields": {"name": "Mexico", "code": "MX"}}, {"model": "accounts.country", "pk": 7, "fields": {"name": "United States", "code": "US"}}, {"model": "accounts.country", "pk": 8, "fields": {"name": "Canada", "code": "CA"}}, {"model": "accounts.country", "pk": 9, "fields": {"name": "Spain", "code": "ES"}}, {"model": "accounts.country", "pk": 10, "fields": {"name": "France", "code": "FR"}}, {"model": "accounts.country", "pk": 11, "fields": {"name": "Germany", "code": "DE"}}, {"model": "accounts.country", "pk": 12, "fields": {"name": "Italy", "code": "IT"}}, {"model": "accounts.country", "pk": 13, "fields": {"name": "United Kingdom", "code": "UK"}}, {"model": "accounts.country", "pk": 14, "fields": {"name": "China", "code": "CN"}}, {"model": "accounts.country", "pk": 15, "fields": {"name": "Japan", "code": "JP"}}, {"model": "accounts.country", "pk": 16, "fields": {"name": "India", "code": "IN"}}, {"model": "accounts.country", "pk": 17, "fields": {"name": "South Korea", "code": "KR"}}, {"model": "accounts.country", "pk": 18, "fields": {"name": "Singapore", "code": "SG"}}, {"model": "accounts.country", "pk": 19, "fields": {"name": "Indonesia", "code": "ID"}}, {"model": "accounts.country", "pk": 20, "fields": {"name": "Thailand", "code": "TH"}}, {"model": "accounts.city", "pk": 1, "fields": {"name": "Buenos Aires", "country": 1}}, {"model": "accounts.city", "pk": 2, "fields": {"name": "C├│rdoba", "country": 1}}, {"model": "accounts.city", "pk": 3, "fields": {"name": "Rosario", "country": 1}}, {"model": "accounts.city", "pk": 4, "fields": {"name": "Mendoza", "country": 1}}, {"model": "accounts.city", "pk": 5, "fields": {"name": "S├úo Paulo", "country": 2}}, {"model": "accounts.city", "pk": 6, "fields": {"name": "Rio de Janeiro", "country": 2}}, {"model": "accounts.city", "pk": 7, "fields": {"name": "Brasilia", "country": 2}}, {"model": "accounts.city", "pk": 8, "fields": {"name": "Salvador", "country": 2}}, {"model": "accounts.city", "pk": 9, "fields": {"name": "Santiago", "country": 3}}, {"model": "accounts.city", "pk": 10, "fields": {"name": "Valpara├¡so", "country": 3}}, {"model": "accounts.city", "pk": 11, "fields": {"name": "Concepci├│n", "country": 3}}, {"model": "accounts.city", "pk": 12, "fields": {"name": "La Serena", "country": 3}}, {"model": "accounts.city", "pk": 13, "fields": {"name": "Bogot├í", "country": 4}}, {"model": "accounts.city", "pk": 14, "fields": {"name": "Medell├¡n", "country": 4}}, {"model": "accounts.city", "pk": 15, "fields": {"name": "Cali", "country": 4}}, {"model": "accounts.city", "pk": 16, "fields": {"name": "Cartagena", "country": 4}}, {"model": "accounts.city", "pk": 17, "fields": {"name": "Lima", "country": 5}}, {"model": "accounts.city", "pk": 18, "fields": {"name": "Cusco", "country": 5}}, {"model": "accounts.city", "pk": 19, "fields": {"name": "Arequipa", "country": 5}}, {"model": "accounts.city", "pk": 20, "fields": {"name": "Trujillo", "country": 5}}, {"model": "accounts.city", "pk": 21, "fields": {"name": "Ciudad de M├®xico", "country": 6}}, {"model": "accounts.city", "pk": 22, "fields": {"name": "Guadalajara", "country": 6}}, {"model": "accounts.city", "pk": 23, "fields": {"name": "Monterrey", "country": 6}}, {"model": "accounts.city", "pk": 24, "fields": {"name": "Puebla", "country": 6}}, {"model": "accounts.city", "pk": 25, "fields": {"name": "New York", "country": 7}}, {"model": "accounts.city", "pk": 26, "fields": {"name": "Los Angeles", "country": 7}}, {"model": "accounts.city", "pk": 27, "fields": {"name": "Chicago", "country": 7}}, {"model": "accounts.city", "pk": 28, "fields": {"name": "Houston", "country": 7}}, {"model": "accounts.city", "pk": 29, "fields": {"name": "Toronto", "country": 8}}, {"model": "accounts.city", "pk": 30, "fields": {"name": "Vancouver", "country": 8}}, {"model": "accounts.city", "pk": 31, "fields": {"name": "Montreal", "country": 8}}, {"model": "accounts.city", "pk": 32, "fields": {"name": "Calgary", "country": 8}}, {"model": "accounts.city", "pk": 33, "fields": {"name": "Madrid", "country": 9}}, {"model": "accounts.city", "pk": 34, "fields": {"name": "Barcelona", "country": 9}}, {"model": "accounts.city", "pk": 35, "fields": {"name": "Valencia", "country": 9}}, {"model": "accounts.city", "pk": 36, "fields": {"name": "Sevilla", "country": 9}}, {"model": "accounts.city", "pk": 37, "fields": {"name": "Paris", "country": 10}}, {"model": "accounts.city", "pk": 38, "fields": {"name": "Lyon", "country": 10}}, {"model": "accounts.city", "pk": 39, "fields": {"name": "Marseille", "country": 10}}, {"model": "accounts.city", "pk": 40, "fields": {"name": "Toulouse", "country": 10}}, {"model": "accounts.city", "pk": 41, "fields": {"name": "Berlin", "country": 11}}, {"model": "accounts.city", "pk": 42, "fields": {"name": "Hamburg", "country": 11}}, {"model": "accounts.city", "pk": 43, "fields": {"name": "Munich", "country": 11}}, {"model": "accounts.city", "pk": 44, "fields": {"name": "Frankfurt", "country": 11}}, {"model": "accounts.city", "pk": 45, "fields": {"name": "Rome", "country": 12}}, {"model": "accounts.city", "pk": 46, "fields": {"name": "Milan", "country": 12}}, {"model": "accounts.city", "pk": 47, "fields": {"name": "Naples", "country": 12}}, {"model": "accounts.city", "pk": 48, "fields": {"name": "Turin", "country": 12}}, {"model": "accounts.city", "pk": 49, "fields": {"name": "London", "country": 13}}, {"model": "accounts.city", "pk": 50, "fields": {"name": "Manchester", "country": 13}}, {"model": "accounts.city", "pk": 51, "fields": {"name": "Birmingham", "country": 13}}, {"model": "accounts.city", "pk": 52, "fields": {"name": "Liverpool", "country": 13}}, {"model": "accounts.city", "pk": 53, "fields": {"name": "Beijing", "country": 14}}, {"model": "accounts.city", "pk": 54, "fields": {"name": "Shanghai", "country": 14}}, {"model": "accounts.city", "pk": 55, "fields": {"name": "Shenzhen", "country": 14}}, {"model": "accounts.city", "pk": 56, "fields": {"name": "Guangzhou", "country": 14}}, {"model": "accounts.city", "pk": 57, "fields": {"name": "Tokyo", "country": 15}}, {"model": "accounts.city", "pk": 58, "fields": {"name": "Osaka", "country": 15}}, {"model": "accounts.city", "pk": 59, "fields": {"name": "Kyoto", "country": 15}}, {"model": "accounts.city", "pk": 60, "fields": {"name": "Yokohama", "country": 15}}, {"model": "accounts.city", "pk": 61, "fields": {"name": "Mumbai", "country": 16}}, {"model": "accounts.city", "pk": 62, "fields": {"name": "Delhi", "country": 16}}, {"model": "accounts.city", "pk": 63, "fields": {"name": "Bangalore", "country": 16}}, {"model": "accounts.city", "pk": 64, "fields": {"name": "Chennai", "country": 16}}, {"model": "accounts.city", "pk": 65, "fields": {"name": "Seoul", "country": 17}}, {"model": "accounts.city", "pk": 66, "fields": {"name": "Busan", "country": 17}}, {"model": "accounts.city", "pk": 67, "fields": {"name": "Incheon", "country": 17}}, {"model": "accounts.city", "pk": 68, "fields": {"name": "Daegu", "country": 17}}, {"model": "accounts.city", "pk": 69, "fields": {"name": "Singapore", "country": 18}}, {"model": "accounts.city", "pk": 70, "fields": {"name": "Jakarta", "country": 19}}, {"model": "accounts.city", "pk": 71, "fields": {"name": "Surabaya", "country": 19}}, {"model": "accounts.city", "pk": 72, "fields": {"name": "Bandung", "country": 19}}, {"model": "accounts.city", "pk": 73, "fields": {"name": "Medan", "country": 19}}, {"model": "accounts.city", "pk": 74, "fields": {"name": "Bangkok", "country": 20}}, {"model": "accounts.city", "pk": 75, "fields": {"name": "Chiang Mai", "country": 20}}, {"model": "accounts.city", "pk": 76, "fields": {"name": "Pattaya", "country": 20}}, {"model": "accounts.city", "pk": 77, "fields": {"name": "Phuket", "country": 20}}, {"model": "accounts.client", "pk": 4, "fields": {"user": 5, "phoneNumber": "987654321", "taxId": "9876543210", "companyName": "Empresa Test", "typeOfCompany": "Retail", "businessVertical": "Education", "country": 4, "city": 15, "address": "Calle Falsa 123, Ciudad, Pa├¡s", "profile_pic": "default.png", "description_company": null}}, {"model": "accounts.client", "pk": 5, "fields": {"user": 6, "phoneNumber": "123456789", "taxId": "12345678901", "companyName": "Empresa Test", "typeOfCompany": "Retail", "businessVertical": "Education", "country": 4, "city": 15, "address": "Calle Falsa 123, Ciudad, Pa├¡s", "profile_pic": "default.png", "description_company": null}}, {"model": "notifications.notification", "pk": 4, "fields": {"level": "success", "destinity": 5, "actor_content_type": 16, "object_id_actor": 5, "verb": "A Client account has been created for Juan Perez.", "read": false, "public": true, "delete": false, "timestamp": "2024-11-15T14:19:50.446Z", "url": null}}, {"model": "notifications.notification", "pk": 5, "fields": {"level": "success", "destinity": 6, "actor_content_type": 16, "object_id_actor": 6, "verb": "A Client account has been created for Maria Lopez.", "read": false, "public": true, "delete": false, "timestamp": "2024-11-15T14:20:29.420Z", "url": null}}]
